order_id,order_date,product_name,category,quantity,unit_price,total_amount,region,sales_rep,customer_type,payment_method,discount_pct,notes
ORD-10158,2023/07/03,Printer Paper 5000 ct,Office Supplies,37,$36.65,1356.05,West,aisha patel,Wholesale,Net 30,20,Return pending
ORD-10451,25/05/2024,Keyboard Mechanical,electronics,4,164.85,659.4,S,T. Brown,Retail,Credit Card,,none
ORD-10055,01-06-2024,Notebook A5  Premium,Off. Supplies,4,11.77,47.08,,fatima al-hassan,Online,PayPal,,
ORD-10247,2024-12-19,wireless mouse m200,Elec.,36,27.77,$999.72,West  , James  Chen ,Online,,0,-
ORD-10070,05/19/2024,laptop pro 15,electronics,3,1223.69,3671.07, East ,"Al-Hassan, Fatima",Wholesale,PayPal,0,NULL
ORD-10376,"January 08, 2024",usb-c hub 7-port,Elec.,40,$46.36,"$1,854.40",WEST,Maria Rodriguez,Corporate,Credit Card,15,NULL
ORD-10382,01/01/2023,Monitor Arm - Dual,FURNITURE,36,148.24,"$5,336.64",north, Elena  Vasquez ,Corporate,Check,20,n/a
ORD-10081,14-Dec-23,Keyboard Mechanical,electronics,49,$141.39,6928.11,north,Maria Rodriguez,Wholesale,PayPal,,none
ORD-10436,04/28/2024,Standing  Desk L-Shape,Furntiure,41,$934.13,38299.33,SOUTH,Carlos Mendez,Retail,Check,,
ORD-10144,2023-01-17,desk lamp led,Office Supplies,50,50.89,2544.5,Cntrl,maria rodriguez,Retail,PayPal,,Customer complaint
ORD-10218,"December 10, 2023",Keyboard Mechanical,ELECTRONICS,43,$156.25,$6718.75,N,Aisha Patel,Retail,Credit Card,20,none
ORD-10076,10-09-2023,DeskLamp LED,Office Supply,10,39.14,391.4,Centro,"Patel, Aisha",Corporate,Credit Card,0,Backordered
ORD-10375,06/30/2024,Mechanical Keyboard,Electronic,49,$157.68,7726.32,West,ROBERT JOHNSON,Corporate,PayPal,5,Customer complaint
ORD-10199,2023-02-23,wireless mouse m200,Electronic,33,31.55,1041.15,NORTH,AISHA PATEL,Online,Credit Card,,
ORD-10137,2023-08-15,webcam hd 1080p,Electronicss,19,$76.81,1459.39,C,,Corporate,Net 30,5,Customer complaint
ORD-10163,28/03/2023,Laptop Pro  15,Electronic,19,1266.38,24061.22,south,,Online,PayPal,0,
ORD-10132,2023/07/24,Webcam HD  1080p,ELECTRONICS,31,$79.45,2462.95, North,thomas brown,Retail,Wire Transfer,20,Rush order
ORD-10010,19-Jun-23,WebCam HD 1080P,,31,90.71,$2812.01,Cntrl, Carlos  Mendez ,Online,PayPal,15,none
ORD-10078,"April 06, 2023",Wireless Mouse M200,Elec.,6,$32.97,$197.82,Central,T. Brown,Online,Credit Card,,N/A
ORD-10311,21/06/2023,Whiteboard Markers 12 pk,Office supplies,41,9.65,395.65,north,david kim,Online,Check,10,VIP client
ORD-10238,02-06-2023,Standing  Desk L-Shape,Furn.,27,$824.70,"$22,266.90",South , Fatima  Al-Hassan ,Corporate,Check,,Rush order
ORD-10165,"September 27, 2024",Laptpo Pro 15,Electronicss,26,"$1,234.56",32098.56,central,AISHA PATEL,Wholesale,PayPal,15,Rush order
ORD-10006,05-22-2023,LED Desk Lamp,,26,43.14,1121.64,South , Sarah  Williams ,Corporate,Net 30,0,n/a
ORD-10177,04-06-2024,Standing Desk L-Shape,FURNITURE,9,769.3,6923.7,south,E. Vasquez,Corporate,,,-
ORD-10261,05-09-2024,printer paper 5000ct,Off. Supplies,28,38.55,$1079.40,NORTH,T. Brown,Online,Net 30,20,-
ORD-10167,17/04/2024,webcam hd 1080p,Electronicss,50,$81.19,4059.5,West  ,robert johnson,Online,Wire Transfer,10,
ORD-10320,2023-01-09,Standing Desk L-Shape,furniture,9,903.81,8134.29,S,ELENA VASQUEZ,Corporate,Check,,
ORD-10440,"May 11, 2024",Printer Paper 5000 ct,office supplies,19,33.66,$639.54,Sur,carlos mendez,Retail,PayPal,,
ORD-10086,27/12/2024,LED Desk Lamp,OFFICE SUPPLIES,28,45.99,1287.72,N,S. Williams,Corporate,Check,0,-
ORD-10408,02/04/2023,Wireless Mouse M-200,Electronic,1,$25.56,25.56,West  ,sarah williams,Wholesale,Check,,-
ORD-10265,2023-10-30,USB-C Hub 7-port,Electronics,4,$52.85,211.4,Norte,fatima al-hassan,Corporate,Wire Transfer,10,
ORD-10053,2023-10-12,Whiteboard Markers (12pk),Office supplies,34,8.88,301.92,W,ELENA VASQUEZ,Online,Credit Card,0,Return pending
ORD-10469,07-Feb-24,Whiteboard Markers 12 pk,Office Supplies,25,$7.24,$181.00,south, Robert  Johnson ,Online,PayPal,0,VIP client
ORD-10073,09/02/2024,Ergo Chair X1,furniture,22,$648.30,14262.6,,maria rodriguez,Retail,Check,5,Return pending
ORD-10362,2023/03/11,Dual Monitor Arm,Furn.,25,145.49,"$3,491.76",west, James  Chen ,Online,Check,20,Backordered
ORD-10444,12/26/2023,Desk Lamp LED,office supplies,13,$40.74,529.62,Sur,thomas brown,Retail,Credit Card,0,Backordered
ORD-10030,2023/04/20,USBC Hub 7Port,electronics,42,$52.80,2217.6,central,"Chen, James",Wholesale,PayPal,15,none
ORD-10211,2024-09-03,Standing Desk L-Shape,FURNITURE,12,728.29,8739.48,C,thomas brown,Wholesale,Credit Card,5,Customer complaint
ORD-10264,30-Jun-24,Webcam 1080p HD,Electronics,48,89.44,4293.12,South,maria rodriguez,Online,Wire Transfer,10,VIP client
ORD-10084,2023-11-05,desk lamp led,Office  Supplies,4,$38.35,$153.40,East,,Corporate,Wire Transfer,0,n/a
ORD-10393,11/30/2024,Webcam HD 1080p,Electronic,20,$91.07,1912.47,Cntrl,AISHA PATEL,Online,Check,0,VIP client
ORD-10039,2024/12/08,KEYBOARD MECHANICAL,electronics,13,130.91,"$1,701.83",Central,Thomas Brown,Online,Net 30,20,N/A
ORD-10234,15/08/2023,desk lamp led,Off. Supplies,50,$51.28,"$2,564.00",Oeste, Maria  Rodriguez ,Retail,PayPal,0,Rush order
ORD-10220,04/18/2023,Laptpo Pro 15,electronics,21,1206.83,$25343.43,Norte,JAMES CHEN,Corporate,Credit Card,20,Rush order
ORD-10002,2024/01/03,Wireless Mouse  M200,Electronic,6,$28.91,173.46,,"Chen, James",Retail,Net 30,10,N/A
ORD-10140,2024/11/19,Desk Lamp  LED,Off. Supplies,4,45.79,183.16,East,C. Mendez,Retail,,20,N/A
ORD-10477,"December 31, 2024",KEYBOARD MECHANICAL,Electronicss,26,158.4,4118.4,Central,MARIA RODRIGUEZ,Wholesale,PayPal,15,
ORD-10210,2024-06-22,USB-C  Hub 7-Port,Electronic,27,45.48,1227.96,EAST,"Al-Hassan, Fatima",Online,Net 30,15,n/a
ORD-10145,2023-02-27,Printer Paper (5000ct),,14,$37.66,527.24,Cntrl,david kim,Online,,5,-
ORD-10274,07/01/2023,A5 Premium Notebook,Office Supply,44,11.5,506.0,N,Fatima Al-Hassan,Online,Check,0,Damaged in transit
ORD-10480,09-28-2023,Standing Desk L Shape,Furnitures,40,$932.95,"$37,318.00",west, Fatima  Al-Hassan ,Corporate,Credit Card,5,
ORD-10025,2023-09-25, Laptop Pro 15,Electronics,8,1447.03,11576.24,EAST,T. Brown,Retail,PayPal,5,VIP client
ORD-10449,23-Jul-23,keyboard mechanical,Electronic,11,130.4,1434.4,SOUTH,ROBERT JOHNSON,Online,PayPal,15,NULL
ORD-10474,"February 20, 2023",Standing Desk L-shape,Furnitures,45,938.61,42237.45,east,Thomas Brown,Retail,Net 30,20,none
ORD-10309,"April 09, 2023",Standing  Desk L-Shape,FURNITURE,31,$935.34,"$28,995.54",Este,FATIMA AL-HASSAN,Online,Credit Card,20,
ORD-10402,07/10/2024,Mech Keyboard,Electronicss,25,167.83,4195.75,,maria rodriguez,Retail,Net 30,5,NULL
ORD-10460,2024/05/31,Wireless Mouse  M200,Electronicss,42,32.9,1381.8,W,T. Brown,Corporate,Net 30,0,
ORD-10235,2024/09/14,Desk Lamp  LED,Off. Supplies,1,$41.27,41.27,W,ROBERT JOHNSON,Wholesale,PayPal,10,n/a
ORD-10228,04/13/2023,USB-C Hub 7-port,Electronics,37,$51.31,1898.47,W, Elena  Vasquez ,Corporate,,,
ORD-10290,"April 06, 2023",PRINTER PAPER 5000CT,,33,37.64,1242.12,Oeste,ELENA VASQUEZ,Retail,Net 30,20,Customer complaint
ORD-10487,"February 02, 2024",Printer Paper 5000 ct,Office Supply,13,34.88,453.44,Este,"Williams, Sarah",Corporate,Credit Card,0,Return pending
ORD-10396,2024-09-11,Mechanical Keyboard,Elec.,8,131.38,$1051.04, North,SARAH WILLIAMS,Online,PayPal,0,none
ORD-10299,02-18-2024,Desk Lamp LED,OFFICE SUPPLIES,13,$44.39,577.07,Central,Fatima Al-Hassan,Online,Check,0,VIP client
ORD-10083,2023-10-07,Whiteboard Markers (12pk),Office Supplies,39,$8.34,325.26,N,"Brown, Thomas",Online,Credit Card,5,n/a
ORD-10227,"July 23, 2024",Keyboard Mechanical ,ELECTRONICS,5,$131.41,657.05, North,T. Brown,Corporate,Credit Card,20,
ORD-10466,17-Nov-23,Desk Lamp - LED,Off. Supplies,9,48.69,$389.52,west,Sarah Williams,Wholesale,Wire Transfer,10,none
ORD-10172,2024/11/24,LAPTOP PRO 15,Elec.,22,$1357.70,29869.4,S,"Al-Hassan, Fatima",Corporate,Wire Transfer,20,Rush order
ORD-10117,19-Oct-24,WB Markers 12pk,office supplies,41,8.61,$353.01,West,maria rodriguez,Corporate,PayPal,,none
ORD-10072,2023/05/06,Notebook A5  Premium,,18,$11.78,212.04,N,carlos mendez,Wholesale,Credit Card,5,Backordered
ORD-10390,2024-12-18,Dual Monitor Arm,furniture,13,120.68,"$1,448.16",north,thomas brown,Corporate,PayPal,,Customer complaint
ORD-10321,05/30/2023,Monitor Arm  Dual,Furnitures,6,143.39,860.34,S,Elena Vasquez,Retail,Wire Transfer,20,none
ORD-10079,22-Feb-23,WebCam HD 1080P,ELECTRONICS,49,$78.14,3828.86,Centro,carlos mendez,Corporate,Wire Transfer,0,N/A
ORD-10009,2024/01/07,Whiteboard Markers 12 pk,office supplies,2,7.5,$15.00,Central, James  Chen ,Corporate,Credit Card,0,
ORD-10109,22-Oct-24,USB C Hub 7 Port,Electronicss,5,46.03,$230.15,W,"Kim, David",Retail,,0,N/A
ORD-10257,"April 16, 2023",WB Markers 12pk,Office Supplies,48,8.88,426.24,Centro,A. Patel,Wholesale,PayPal,15,N/A
ORD-10431,08-20-2024,Laptop Pro  15,ELECTRONICS,39,$1355.10,52848.9,Norte, Robert  Johnson ,Retail,Net 30,20,Backordered
ORD-10101,11/05/2023,Wireless Mouse M200,electronics,50,28.08,1404.0,NORTH,T. Brown,Retail,Net 30,5,
ORD-10263,25/10/2023,Ergo Chair X1,Furntiure,14,$621.31,$8698.34,Centro, David  Kim ,Retail,Check,,-
ORD-10090,"April 17, 2024",Monitor Arm Dual,Furniture,33,$113.38,"$3,741.54", North,J. Chen,Corporate,PayPal,0,none
ORD-10082,2023/11/29,Monitor Arm - Dual,Furn.,11,124.92,1374.12,south,Thomas Brown,Retail,Check,,-
ORD-10234,15/08/2023,desk lamp led,Off. Supplies,50,$51.28,"$2,564.00",Oeste, Maria  Rodriguez ,Retail,PayPal,0,Rush order
ORD-10131,2024-06-27,ERGONOMIC CHAIR X1,furniture,4,629.52,2518.08,W,Robert Johnson,Wholesale,Credit Card,0,-
ORD-10209,02-05-2023,Standing Desk L-shape,Furn.,29,$946.66,"$27,453.14",,"Al-Hassan, Fatima",Retail,Credit Card,10,n/a
ORD-10077,28-Feb-24,Notebook A5  Premium,Office supplies,29,14.5,420.5,EAST, David  Kim ,Online,,0,NULL
ORD-10393,11/30/2024,Webcam HD 1080p,Electronic,21,$91.07,1912.47,Cntrl,AISHA PATEL,Online,Check,0,VIP client
ORD-10181,09-03-2024,desk lamp led,OFFICE SUPPLIES,23,$45.44,"$1,045.12",C, Fatima  Al-Hassan ,Retail,Wire Transfer,20,
ORD-10304,05-19-2024,Whiteboard Markers 12 pk,Office supplies,24,$8.80,211.2,Sur,Sarah Williams,Corporate,PayPal,,N/A
ORD-10319,08-Apr-24,Wireless Mouse M-200,Electronic,41,29.59,$1213.19,,Sarah Williams,Retail,Wire Transfer,0,Damaged in transit
ORD-10280,10-23-2024,Whiteboard Markers 12pk,Office  Supplies,36,$7.49,$269.64,central, Aisha  Patel ,Retail,Credit Card,0,
ORD-10176,03-04-2024,keyboard mechanical,Electronic,10,150.48,1504.8,SOUTH, Fatima  Al-Hassan ,Wholesale,Net 30,0,NULL
ORD-10075,14/04/2024,Keyboard Mechanical,Electronics,43,150.96,6491.28,West  ,"Chen, James",Corporate,,0,Return pending
ORD-10231,21/02/2024,WB Markers 12pk,Office  Supplies,14,9.54,133.56,central,JAMES CHEN,Corporate,Wire Transfer,0,Rush order
ORD-10473,"July 06, 2023",Ergonomic Chair  X1,Furn.,6,$583.64,3501.84,Norte, Thomas  Brown ,Wholesale,Credit Card,,Backordered
ORD-10250,20/09/2023,keyboard mechanical,Electronicss,47,$132.05,"$6,206.35",West,james chen,Retail,Check,15,Return pending
ORD-10068,23/11/2024,USB-C  Hub 7-Port,Electronicss,49,56.99,2792.51,N,Fatima Al-Hassan,Corporate,Check,10,n/a
ORD-10453,24/07/2024,Whiteboard Markers 12 pk,Off. Supplies,3,$7.30,21.9,west, Aisha  Patel ,Corporate,PayPal,0,NULL
ORD-10063,01-27-2024,USB-C  Hub 7-Port,electronics,6,51.63,309.78,West  ,"Patel, Aisha",Online,,,Damaged in transit
ORD-10370,10/05/2024,Printer Paper (5000ct),OFFICE SUPPLIES,10,$31.74,$317.40,,sarah williams,Retail,PayPal,20,
ORD-10486,2024/10/24,A5 Premium Notebook,,50,12.61,$630.50,WEST, Aisha  Patel ,Wholesale,Check,0,N/A
ORD-10104,2023/06/29,PRINTER PAPER 5000CT,Office supplies,22,38.28,$842.16,South,Robert Johnson,Online,Wire Transfer,0,Backordered
ORD-10088,2024/10/22,monitor arm dual,furniture,47,147.86,$6949.42,east,S. Williams,Wholesale,Credit Card,0,NULL
ORD-10323,01/05/2024,Whiteboard  Markers 12pk,office supplies,41,7.98,$327.18,,maria rodriguez,Online,Net 30,0,n/a
ORD-10482,06/01/2023,Whiteboard Markers 12 pk,Office Supplies,8,$9.37,$74.96,south,FATIMA AL-HASSAN,Wholesale,Net 30,0,Rush order
ORD-10033,03/01/2024,notebook a5 premium,Office  Supplies,22,13.16,289.52,Cntrl,M. Rodriguez,Corporate,PayPal,0,N/A
ORD-10125,20-Aug-24,WEBCAM HD 1080P,Elec.,9,91.51,732.08,Centro, Carlos  Mendez ,Retail,Net 30,,Rush order
ORD-10380,2024/08/17,Wireless Mouse M-200,Electronics,14,$32.84,$459.76,Oeste,"Patel, Aisha",Corporate,Wire Transfer,5,Return pending
ORD-10000,2023-10-09,webcam hd 1080p,electronics,8,68.59,548.72,West,Maria Rodriguez,Wholesale,Wire Transfer,0,Backordered
ORD-10011,08/19/2023,Printer Paper 5000 ct,Office Supplies,29,31.01,899.29, North,maria rodriguez,Retail,,15,
ORD-10374,01/28/2024,Whiteboard Markers 12pk,Office supplies,44,7.35,$323.40,Centro,R. Johnson,Online,Check,15,Backordered
ORD-10022,10-Feb-23,standing desk l-shape,Furntiure,24,$950.62,22814.88,Este,E. Vasquez,Wholesale,Wire Transfer,0,Rush order
ORD-10381,26-Nov-24,Stand Desk L-Shape,Furntiure,37,$923.97,34186.89,,T. Brown,Corporate,,10,
ORD-10373,2023-10-05,PRINTER PAPER 5000CT,Office  Supplies,23,$35.51,816.73,N,,Corporate,Credit Card,0,
ORD-10182,2023-05-16,standing desk l-shape,Furntiure,42,$753.97,$31666.74,WEST,S. Williams,Online,PayPal,20,none
ORD-10089,"August 16, 2024",Whiteboard  Markers 12pk,Office Supply,49,8.65,$423.85,SOUTH,"Chen, James",Corporate,Check,10,
ORD-10185,12/04/2023,Webcam 1080p HD,Electronics,49,69.15,$3388.35,WEST,"Rodriguez, Maria",Wholesale,Wire Transfer,10,Rush order
ORD-10148,10/24/2024,Ergonomic Chair  X1,,17,545.69,9276.73,South,"Patel, Aisha",Retail,Credit Card,,Backordered
ORD-10204,"June 18, 2023",LED Desk Lamp,OFFICE SUPPLIES,7,40.35,282.45,C,"Mendez, Carlos",Online,PayPal,10,
ORD-10062,17-Feb-23,Keyboard Mechanical,ELECTRONICS,19,$168.14,"$3,362.80",west,C. Mendez,Corporate,Net 30,0,Rush order
ORD-10153,06/20/2024,Printer Paper 5000ct,Office  Supplies,42,39.79,1671.18,west,Carlos Mendez,Wholesale,Credit Card,5,none
ORD-10277,2024/08/03,Ergonomic Chair X1,Furn.,8,541.74,4333.92,N,james chen,Corporate,Check,15,
ORD-10184,2024/03/15,wireless mouse m200,Electronicss,35,$29.07,"$1,017.45",E,F. Al-Hassan,Wholesale,Net 30,,Return pending
ORD-10018,03/16/2023,WB Markers 12pk,Office Supply,21,9.58,201.18,central,FATIMA AL-HASSAN,Wholesale,Check,0,Customer complaint
ORD-10249,01/08/2023,USBC Hub 7Port,ELECTRONICS,3,$50.71,152.13, North,James Chen,Corporate,Wire Transfer,0,
ORD-10495,2024/10/07,Laptop Pro 15 ,Electronicss,22,1108.06,24377.32,C,"Rodriguez, Maria",Corporate,PayPal,,Customer complaint
ORD-10429,06/09/2023,USB-C  Hub 7-Port,Electronic,30,56.41,"$1,692.30",W, Thomas  Brown ,Wholesale,Net 30,,Return pending
ORD-10192,2024/04/27,Printer Paper 5000ct,Office Supplies,44,31.56,"$1,388.64",South,,Online,Net 30,20,-
ORD-10222,06/07/2023,Desk Lamp  LED,Office Supplies,36,49.59,1785.24, East ,"Brown, Thomas",Wholesale,Credit Card,0,Backordered
ORD-10015,04-Feb-24,LaptopPro15,ELECTRONICS,11,1252.79,13780.69,west,CARLOS MENDEZ,Wholesale,Credit Card,0,Return pending
ORD-10171,07-31-2023,Dual Monitor Arm,FURNITURE,19,123.87,2477.4,West  ,ROBERT JOHNSON,Retail,Check,0,
ORD-10054,"November 09, 2024",Notebook A5 Prem.,Office Supplies,45,12.97,583.65,E,David Kim,Corporate,Net 30,0,none
ORD-10348,11-16-2023,Ergo Chair X1,Furnitures,37,536.6,$19854.20,Centro,carlos mendez,Online,Net 30,0,-
ORD-10046,12-26-2024,monitor arm dual,FURNITURE,12,122.28,1467.36,C, Sarah  Williams ,Corporate,Credit Card,0,Damaged in transit
ORD-10093,16/09/2023,PRINTER PAPER 5000CT,Office Supply,44,$33.80,"$1,487.20",Norte,SARAH WILLIAMS,Online,PayPal,0,
ORD-10411,08-Jan-24,webcam hd 1080p,Electronicss,3,$69.29,$207.87,CENTRAL,Maria Rodriguez,Retail,Net 30,0,Rush order
ORD-10245,16-May-24,webcam hd 1080p,electronics,9,76.22,685.98,south,sarah williams,Retail,Net 30,0,
ORD-10497,25-Apr-24,USBC Hub 7Port,electronics,19,53.38,"$1,014.22",Cntrl,robert johnson,Online,PayPal,20,N/A
ORD-10001,2025-06-15,Laptop Pro 15,Electronics,1,"$1,299.99","$1,299.99",North,Maria Rodriguez,Retail,Credit Card,0,Future date - should not exist
ORD-10485,26/02/2023,laptop pro 15,Electronic,42,1215.34,51044.28,east,"Mendez, Carlos",Retail,Credit Card,5,Rush order
ORD-10377,12-23-2023,Whiteboard Markers (12pk),,11,7.94,87.34,Este,JAMES CHEN,Corporate,PayPal,20,Customer complaint
ORD-10394,22/11/2024,webcam hd 1080p,Elec.,38,77.38,2940.44,S,Fatima Al-Hassan,Retail,Credit Card,0,-
ORD-10328,2024-07-18,Ergonomic Chair X-1,FURNITURE,34,$631.93,21485.62,East,J. Chen,Retail,Credit Card,0,Rush order
ORD-10362,2023/03/11,Dual Monitor Arm,Furn.,24,145.49,"$3,491.76",west, James  Chen ,Online,Check,20,Backordered
ORD-10341,12-19-2023,MONITOR ARM DUAL,Furniture,23,$117.92,$2712.16,Este,R. Johnson,Wholesale,PayPal,0,Customer complaint
ORD-10481,26-Apr-24,LAPTOP PRO 15,Elec.,15,1176.42,17646.3,NORTH,"Rodriguez, Maria",Online,Net 30,,none
ORD-10410,07-06-2024,desk lamp led,Office supplies,24,$49.90,"$1,197.60",north,james chen,Corporate,PayPal,0,Rush order
ORD-10069,"August 28, 2023",Webcam HD 1080p,Electronic,24,70.59,1694.16, North, Robert  Johnson ,Online,PayPal,0,
ORD-10284,11/28/2023, Laptop Pro 15,Elec.,3,"$1,487.42",4462.26,SOUTH,ELENA VASQUEZ,Retail,Net 30,10,n/a
ORD-10155,"November 21, 2024",LAPTOP PRO 15,Electronics,33,1422.12,46929.96,Sur,FATIMA AL-HASSAN,Online,Check,20,
ORD-10188,04/15/2023,Ergo Chair X1,FURNITURE,25,$525.20,$13130.00,west,Sarah Williams,Retail,Net 30,0,none
ORD-10353,14/09/2024,Notebook A5  Premium,Off. Supplies,26,$14.07,365.82,,T. Brown,Retail,Net 30,,none
ORD-10149,07-Dec-23,Whiteboard Markers 12pk,office supplies,14,$9.43,132.02,west, Thomas  Brown ,Wholesale,PayPal,5,Return pending
ORD-10124,23/09/2024,Desk Lamp  LED,Office Supply,21,$40.44,849.24,CENTRAL,THOMAS BROWN,Corporate,Credit Card,15,Return pending
ORD-10405,26/06/2023,Keyboard Mechanical,ELECTRONICS,42,133.37,5601.54,central,,Retail,Credit Card,,Customer complaint
ORD-10494,2023-04-30,usb-c hub 7-port,Elec.,31,48.82,1513.42,,R. Johnson,Wholesale,,10,n/a
ORD-10244,"April 16, 2023",Keyboard Mechanical ,,23,$141.53,$3255.19,North,AISHA PATEL,Corporate,Net 30,15,-
ORD-10369,"January 16, 2024",Wireless Mouse  M200,electronics,32,33.38,1068.16,East,Carlos Mendez,Corporate,Net 30,0,NULL
ORD-10352,16-Jan-23,Ergonomic Chair  X1,furniture,3,$582.57,$1747.71,north,R. Johnson,Corporate,Check,,Customer complaint
ORD-10384,13/05/2024,Webcam 1080p HD,electronics,2,71.45,$142.90,WEST,"Brown, Thomas",Wholesale,,20,none
ORD-10316,11/07/2023,Monitor Arm Dual,Furn.,27,$120.62,"$3,256.74",EAST,,Corporate,PayPal,10,
ORD-10285,"December 20, 2023",Ergonomic Chair  X1,Furn.,34,582.08,19790.72,west,Carlos Mendez,Online,,0,Rush order
ORD-10395,01-Apr-24,wireless mouse m200,Elec.,34,$26.43,$898.62,South,M. Rodriguez,Retail,Credit Card,5,
ORD-10271,01-26-2023,Standing Desk L Shape,Furn.,35,906.05,31711.75, East ,CARLOS MENDEZ,Retail,Credit Card,0,
ORD-10141,03/03/2023,Mechanical Keyboard,Electronics,5,$151.84,759.2,south,ELENA VASQUEZ,Corporate,PayPal,20,n/a
ORD-10318,2024/09/19,WEBCAM HD 1080P,Elec.,16,$80.39,"$1,286.24",C,elena vasquez,Retail,Wire Transfer,0,Damaged in transit
ORD-10399,2023/09/14,LaptopPro15,Electronics,5,1132.45,$5662.25,North,ELENA VASQUEZ,Wholesale,Check,,
ORD-10457,10/01/2023,DeskLamp LED,Office supplies,33,50.42,"$1,663.86",Oeste,ELENA VASQUEZ,Retail,,0,Backordered
ORD-10019,10/07/2024,Monitor Arm  Dual,Furn.,19,-116.64,2216.16,north,Aisha Patel,Retail,Net 30,0,VIP client
ORD-10412,2023-03-14,LaptopPro15,Electronic,32,1305.8,$41785.60,east,JAMES CHEN,Wholesale,,5,-
ORD-10056,03/09/2023,LAPTOP PRO 15,ELECTRONICS,41,-1342.45,55040.45,north,"Chen, James",Retail,Wire Transfer,,Damaged in transit
ORD-10442,26/05/2023,ergonomic chair x1,FURNITURE,9,$663.12,$5968.08,South, Elena  Vasquez ,Retail,Credit Card,0,NULL
ORD-10291,2024/08/26,Whiteboard  Markers 12pk,,50,8.19,$409.50,EAST,Carlos Mendez,Online,Net 30,20,VIP client
ORD-10447,30-Jan-24,Wireles Mouse M200,Electronic,21,$29.93,628.53,Sur,ELENA VASQUEZ,Corporate,Wire Transfer,0,NULL
ORD-10346,09-Nov-23,LaptopPro15,Electronicss,16,$1464.67,23434.72,,DAVID KIM,Online,Wire Transfer,10,
ORD-10456,08/29/2024,ERGONOMIC CHAIR X1,,16,$625.61,10009.76,east,M. Rodriguez,Online,Credit Card,,-
ORD-10287,08-10-2024,LAPTOP PRO 15,electronics,16,1121.82,17949.12,S,S. Williams,Corporate,Net 30,0,Damaged in transit
ORD-10208,2023-02-21,W. Mouse M200,,3,33.97,101.91,NORTH,elena vasquez,Online,Wire Transfer,0,VIP client
ORD-10025,2023-09-25, Laptop Pro 15,Electronics,8,1447.03,11576.24,EAST,T. Brown,Retail,PayPal,5,VIP client
ORD-10383,2024-11-09,Notebook A5  Premium,office supplies,28,$13.17,368.76,EAST,SARAH WILLIAMS,Wholesale,Wire Transfer,0,
ORD-10301,14/08/2023,Wireless Mouse M-200,electronics,25,$31.19,779.75,,Fatima Al-Hassan,Online,Wire Transfer,10,
ORD-10114,18/07/2024,WebCam HD 1080P,electronics,34,$76.26,2592.84,Central,J. Chen,Wholesale,Check,0,Rush order
ORD-10042,"July 06, 2023",Laptop Pro  15,,32,"$1,436.86","$45,979.52",Este,A. Patel,Retail,Net 30,5,
ORD-10360,10-05-2024,ergonomic chair x1,Furniture,36,$559.13,$20128.68, North,David Kim,Wholesale,Credit Card,10,Return pending
ORD-10255,09/19/2024,USB-C Hub 7-Port,Elec.,36,$55.87,2011.32,west,"Chen, James",Online,Wire Transfer,15,VIP client
ORD-10195,06/29/2023,Standing Desk L-Shape,Furntiure,43,$910.56,39154.08,SOUTH,D. Kim,Online,Wire Transfer,15,
ORD-10332,14/04/2024,WEBCAM HD 1080P,,37,76.58,$2833.46,Sur,E. Vasquez,Online,Wire Transfer,,N/A
ORD-10329,07/16/2023,Laptop Pro 15,Electronic,13,1146.74,14907.62,Centro,THOMAS BROWN,Retail,Check,5,
ORD-10154,11-13-2024,Dual Monitor Arm,Furntiure,4,134.59,538.36,Norte,,Retail,Credit Card,10,Damaged in transit
ORD-10126,2024-01-25,PRINTER PAPER 5000CT,office supplies,41,37.31,1529.71,north,"Rodriguez, Maria",Online,PayPal,0,-
ORD-10298,07-25-2023,Webcam HD 1080p,Elec.,26,77.72,2020.72,C,F. Al-Hassan,Online,Check,10,Customer complaint
ORD-10386,08/05/2024,Keyboard Mechanical,electronics,24,132.58,"$3,181.92",Oeste,J. Chen,Retail,,,
ORD-10174,2024-07-03,Desk Lamp  LED,OFFICE SUPPLIES,7,$49.04,343.28,N,R. Johnson,Online,Net 30,20,n/a
ORD-10031,2024/03/12,Desk Lamp - LED,Office supplies,47,$50.29,2363.63,W, Carlos  Mendez ,Online,Net 30,,Customer complaint
ORD-10113,03/30/2023,Printer Paper 5000 ct,Office supplies,9,36.17,325.53,Oeste,james chen,Online,Credit Card,,none
ORD-10430,2023-02-11,KEYBOARD MECHANICAL,Electronic,8,160.41,"$1,283.28",NORTH,thomas brown,Corporate,Check,0,Return pending
ORD-10173,02/10/2024,USB-C  Hub 7-Port,Electronic,41,$52.35,2146.35,CENTRAL,,Wholesale,Wire Transfer,10,
ORD-10272,2024/10/06,webcam hd 1080p,Elec.,5,73.05,365.25,Sur, Elena  Vasquez ,Retail,Wire Transfer,0,none
ORD-10322,"July 23, 2023",ERGONOMIC CHAIR X1,Furniture,48,687.87,$33017.76,WEST,AISHA PATEL,Wholesale,Credit Card,0,VIP client
ORD-10057,"May 09, 2024",printer paper 5000ct,Office supplies,46,32.61,$1500.06,Centro,Sarah Williams,Online,PayPal,15,VIP client
ORD-10278,10-19-2023,Webcam HD 1080p,electronics,42,$73.62,3092.04,W, Thomas  Brown ,Online,Net 30,0,N/A
ORD-10024,2023-08-22,Whiteboard Markers 12pk,Off. Supplies,23,$7.99,183.77,E,JAMES CHEN,Online,Net 30,20,Return pending
ORD-10017,"March 25, 2023",DeskLamp LED,Office Supply,39,38.79,"$1,512.81",South ,david kim,Online,PayPal,0,Damaged in transit
ORD-10085,2024/07/26,PRINTER PAPER 5000CT,Office  Supplies,45,$32.16,1479.36,West  ,"Rodriguez, Maria",Retail,PayPal,0,Return pending
ORD-10066,14/09/2023,ERGONOMIC CHAIR X1,Furntiure,41,$543.32,22276.12,N,Robert Johnson,Online,Wire Transfer,0,Damaged in transit
ORD-10492,2024/02/19,WEBCAM HD 1080P,Elec.,31,79.03,"$2,449.93",Centro, David  Kim ,Corporate,Check,0,
ORD-10286,02/05/2023,usb-c hub 7-port,Electronicss,24,$51.52,1236.48,West  ,"Johnson, Robert",Wholesale,Net 30,0,-
ORD-10052,18/03/2024,Wireless Mouse  M200,Electronic,38,$25.85,1008.15,north,,Retail,Check,0,Rush order
ORD-10275,11/07/2024,WB Markers 12pk,office supplies,25,8.22,205.5,C,SARAH WILLIAMS,Online,Credit Card,,
ORD-10463,09/02/2023,webcam hd 1080p,electronics,39,73.66,$2872.74,EAST,R. Johnson,Corporate,PayPal,0,Backordered
ORD-10465,"April 03, 2023",A5 Premium Notebook,Office  Supplies,24,$13.66,$327.84,Norte,Fatima Al-Hassan,Online,,0,Customer complaint
ORD-10094,2023/12/03,standing desk l-shape,Furntiure,36,817.59,29433.24,C,MARIA RODRIGUEZ,Online,Wire Transfer,5,Return pending
ORD-10180,"March 31, 2023",Standing Desk L-Shape,furniture,23,$941.25,21648.75,Cntrl,elena vasquez,Wholesale,Wire Transfer,5,
ORD-10398,07-25-2023,USBC Hub 7Port,electronics,29,43.53,1262.37,Sur,elena vasquez,Retail,PayPal,10,
ORD-10092,12-Jun-23,Whiteboard Markers 12 pk,OFFICE SUPPLIES,34,8.55,290.7, East ,,Online,Credit Card,15,
ORD-10023,2023/12/07,Notebook A5  Premium,Office  Supplies,2,$11.74,$23.48,South ,"Chen, James",Retail,PayPal,5,Backordered
ORD-10287,08-10-2024,LAPTOP PRO 15,electronics,16,1121.82,17949.12,S,S. Williams,Corporate,Net 30,0,Damaged in transit
ORD-10310,07-23-2023,Monitor Arm - Dual,Furntiure,44,148.05,"$6,514.20",E,"Al-Hassan, Fatima",Corporate,Credit Card,20,Damaged in transit
ORD-10268,06/08/2023,monitor arm dual,FURNITURE,30,138.17,4145.1,EAST,T. Brown,Online,Credit Card,15,Customer complaint
ORD-10005,2023-03-09,Laptpo Pro 15,electronics,21,1261.44,26490.24,west,aisha patel,Wholesale,Net 30,10,-
ORD-10116,11-Sep-24,WebCam HD 1080P,Electronics,40,85.28,3411.2, North,THOMAS BROWN,Wholesale,Net 30,20,
ORD-10045,2024-12-07,keyboard mechanical,electronics,35,170.28,"$5,959.80",Centro,THOMAS BROWN,Retail,Wire Transfer,10,Customer complaint
ORD-10248,01-May-23,Wireless Mouse M200,Electronics,33,31.96,$1054.68,central,A. Patel,Wholesale,Check,20,Damaged in transit
ORD-10334,01/01/2023,Whiteboard Markers 12pk,,29,-9.66,$280.14,East,aisha patel,Wholesale,Check,0,VIP client
ORD-10436,04/28/2024,Standing  Desk L-Shape,Furntiure,41,$934.13,38299.33,SOUTH,Carlos Mendez,Retail,Check,,
ORD-10016,2024/05/29,LAPTOP PRO 15,Electronics,4,1332.82,$5331.28,Norte, James  Chen ,Wholesale,PayPal,0,Customer complaint
ORD-10048,03-02-2024,W. Mouse M200,Electronic,16,$26.56,424.96,W,"Brown, Thomas",Online,Net 30,0,
ORD-10355,25/02/2023,USB-C Hub 7-port,electronics,28,46.91,1313.48, North,,Wholesale,Net 30,0,n/a
ORD-10423,2024/12/10,Desk Lamp LED,office supplies,24,49.05,1177.2,NORTH,SARAH WILLIAMS,Retail,Credit Card,0,VIP client
ORD-10003,16/02/2023,desk lamp led,Office  Supplies,13,$47.76,620.88,South,ELENA VASQUEZ,Corporate,Check,0,N/A
ORD-10367,03-Jul-24,Webcam 1080p HD,Electronicss,30,89.4,2682.0,Este,Fatima Al-Hassan,Wholesale,Net 30,15,N/A
ORD-10432,06/07/2024,Whiteboard  Markers 12pk,OFFICE SUPPLIES,21,8.75,$183.75,W,ELENA VASQUEZ,Retail,Check,15,N/A
ORD-10060,04/12/2024,Whiteboard  Markers 12pk,office supplies,7,8.56,$59.92,NORTH,AISHA PATEL,Corporate,Credit Card,15,n/a
ORD-10196,2023/05/01,Keyboard Mechanical,ELECTRONICS,50,166.79,"$8,339.50",Central, Aisha  Patel ,Retail,PayPal,,N/A
ORD-10331,06/15/2024,Standing Desk L-Shape,Furntiure,5,$962.24,4811.2,Sur,C. Mendez,Wholesale,Net 30,20,
ORD-10312,2024/03/31,Desk Lamp  LED,Off. Supplies,42,43.59,1830.78,west,Sarah Williams,Wholesale,Wire Transfer,10,
ORD-10110,09/13/2023,Notebook A5 Premium,Off. Supplies,21,$13.57,284.97,CENTRAL,Fatima Al-Hassan,Online,Check,,Backordered
ORD-10409,02-08-2023,ergonomic chair x1,,12,618.86,7426.32,E,Elena Vasquez,Wholesale,Wire Transfer,0,
ORD-10312,2024/03/31,Desk Lamp  LED,,42,43.59,1830.78,west,,Wholesale,Wire Transfer,10,
ORD-10029,2023-02-17,Ergonomic Chair  X1,,13,535.63,6963.19,West  ,thomas brown,Corporate,PayPal,20,Customer complaint
ORD-10342,03/29/2023,ERGONOMIC CHAIR X1,Furniture,44,$576.33,25358.52,East, David  Kim ,Retail,Check,,NULL
ORD-10225,2024/02/01,Desk Lamp - LED,Office supplies,15,45.72,685.8,central,ROBERT JOHNSON,Retail,PayPal,0,
ORD-10077,28-Feb-24,Notebook A5  Premium,,29,14.5,420.5,EAST, David  Kim ,Online,Check,0,NULL
ORD-10026,2024/06/16,Laptop Pro  15,ELECTRONICS,46,1275.05,58652.3,Este, David  Kim ,Retail,Check,10,-
ORD-10007,25-Jun-24,Notebook A5 Prem.,Office  Supplies,39,14.92,581.88,C,David Kim,Online,PayPal,0,none
ORD-10181,09-03-2024,desk lamp led,OFFICE SUPPLIES,23,$45.44,"$1,045.12",C, Fatima  Al-Hassan ,Retail,Wire Transfer,20,
ORD-10050,04/09/2024,Standing  Desk L-Shape,furniture,46,$793.66,36508.36,SOUTH,J. Chen,Wholesale,Wire Transfer,10,
ORD-10108,21-Mar-24,KEYBOARD MECHANICAL,Electronics,23,155.16,3568.68,Este,Sarah Williams,Wholesale,Net 30,,
ORD-10229,09-25-2024,USB-C  Hub 7-Port,Elec.,18,48.53,873.54,W,,Corporate,Check,15,
ORD-10037,10/29/2024,Ergonomic Chair X1,furniture,42,$521.48,21902.16,central,carlos mendez,Corporate,Credit Card,5,none
ORD-10157,2024/10/22,Wireless Mouse  M200,Electronic,32,33.1,1059.2,south,"Brown, Thomas",Online,Credit Card,0,VIP client
ORD-10237,29-Oct-24,webcam hd 1080p,,46,90.84,4178.64,CENTRAL, David  Kim ,Wholesale,Credit Card,,Damaged in transit
ORD-10386,08/05/2024,Keyboard Mechanical,electronics,24,132.58,"$3,181.92",Oeste,J. Chen,Retail,Wire Transfer,,
ORD-10118,2023/11/17,ERGONOMIC CHAIR X1,FURNITURE,22,$618.17,13599.74,S,F. Al-Hassan,Retail,Check,5,none
ORD-10424,2023/06/04,wireless mouse m200,,45,26.82,"$1,206.90",West  ,fatima al-hassan,Corporate,,20,none
ORD-10114,18/07/2024,WebCam HD 1080P,electronics,34,$76.26,2592.84,Central,J. Chen,Wholesale,Check,0,Rush order
ORD-10493,17/01/2023,usb-c hub 7-port,Electronics,1,$45.35,45.35,South ,"Mendez, Carlos",Wholesale,Credit Card,10,none
ORD-10203,31-Aug-23,NoteBook A5 Premium,Office  Supplies,43,$14.80,636.4,E,ROBERT JOHNSON,Wholesale,Credit Card,5,
ORD-10175,04-13-2024,desk lamp led,Office  Supplies,8,$42.95,343.6,S,james chen,Online,Credit Card,0,N/A
ORD-10433,2023-03-31,Standing  Desk L-Shape,Furnitures,29,944.33,27385.57,east, Elena  Vasquez ,Corporate,,0,
ORD-10302,12/17/2023,Notebook A5 Prem.,office supplies,44,13.96,$614.24,east,THOMAS BROWN,Wholesale,Wire Transfer,,Backordered
ORD-10194,27/10/2024,DeskLamp LED,Office Supplies,41,$48.55,1990.55,South,Carlos Mendez,Corporate,Credit Card,,
ORD-10438,2024-12-10,USB C Hub 7 Port,electronics,21,49.41,"$1,037.61",EAST,,Online,Check,0,Backordered
ORD-10067,2023-07-25,Monitor Arm - Dual,FURNITURE,48,126.69,"$6,081.12",S,ROBERT JOHNSON,Online,Credit Card,,
ORD-10400,"May 17, 2024",Print Paper 5000ct,Office supplies,46,39.61,1822.06,West  ,Robert Johnson,Online,Check,10,n/a
ORD-10168,"March 17, 2023",Keyboard Mechanical ,,28,163.0,4564.0,Oeste,MARIA RODRIGUEZ,Retail,Credit Card,5,N/A
ORD-10281,2024-08-27,Desk Lamp LED,Office Supply,38,$43.72,1661.36,CENTRAL,SARAH WILLIAMS,Corporate,Wire Transfer,10,
ORD-10446,2024-06-10,Dual Monitor Arm,Furniture,25,$127.03,3175.75,West,fatima al-hassan,Corporate,Check,10,
ORD-10193,07-03-2024,Keyboard Mechanical ,electronics,26,$131.20,3411.2,East,fatima al-hassan,Wholesale,,15,n/a
ORD-10152,12-Dec-23,Print Paper 5000ct,Off. Supplies,42,39.65,1665.3,South ,david kim,Wholesale,Net 30,,Rush order
ORD-10407,14-Dec-24,USB-C Hub 7-port,,49,48.72,$2387.28,Central,Sarah Williams,Corporate,Wire Transfer,0,NULL
ORD-10428,12-Nov-24,Ergo Chair X1,furniture,36,$636.22,22903.92,central,FATIMA AL-HASSAN,Retail,Credit Card,20,NULL
ORD-10422,10/11/2023,Standing Desk L-Shape,FURNITURE,33,$894.90,29531.7,,Fatima Al-Hassan,Corporate,Net 30,10,none
ORD-10289,"January 23, 2024",desk lamp led,Office Supplies,38,39.18,$1488.84,Centro,elena vasquez,Retail,Wire Transfer,,
ORD-10103,17/09/2023,Webcam HD 1080p,ELECTRONICS,25,91.53,"$2,288.25",South ,J. Chen,Online,Wire Transfer,0,N/A
ORD-10470,27/04/2024,Wireles Mouse M200,,50,33.95,1697.5,South ,A. Patel,Retail,Check,20,Return pending
ORD-10074,10/05/2023,Laptop Pro 15 ,Electronic,12,1208.48,14501.76,WEST,D. Kim,Retail,,5,
ORD-10365,08-Dec-23,Desk Lamp - LED,Office  Supplies,27,$43.84,1183.68,South ,AISHA PATEL,Retail,Check,10,Return pending
ORD-10054,"November 09, 2024",Notebook A5 Prem.,Office Supplies,45,12.97,583.65,E,David Kim,Corporate,Net 30,0,none
ORD-10119,05/25/2023,Wireless Mouse M200,ELECTRONICS,18,29.54,531.72,S, Thomas  Brown ,Online,Wire Transfer,0,NULL
ORD-10333,2023/11/29,Monitor Arm  Dual,Furnitures,36,149.16,"$5,369.76",central,T. Brown,Wholesale,PayPal,,N/A
ORD-10353,14/09/2024,Notebook A5  Premium,Off. Supplies,26,$14.07,365.82,Cntrl,T. Brown,Retail,Net 30,,none
ORD-10420,02-26-2023,DeskLamp LED,OFFICE SUPPLIES,22,48.18,1059.96,W,R. Johnson,Retail,Check,15,Rush order
ORD-10472,2024/10/26,usb-c hub 7-port,,16,50.24,$803.84,WEST,SARAH WILLIAMS,Wholesale,,15,Damaged in transit
ORD-10305,04/13/2024,A5 Premium Notebook,Office Supply,44,14.07,$619.08,North,"Mendez, Carlos",Retail,Check,,VIP client
ORD-10296,"January 29, 2024",Monitor Arm - Dual,Furntiure,6,134.24,805.44,South ,"Johnson, Robert",Retail,,10,Backordered
ORD-10349,11-Jun-23,USB-C Hub 7-Port,Electronic,42,56.48,2372.16,S, Sarah  Williams ,Retail,Check,20,-
ORD-10023,2023/12/07,Notebook A5  Premium,Office  Supplies,2,$11.74,$23.48,South ,"Chen, James",Retail,PayPal,5,Backordered
ORD-10325,2023-04-20,Webcam 1080p HD,electronics,10,$84.82,848.2,EAST,,Corporate,Check,0,VIP client
ORD-10036,"August 05, 2023",Laptpo Pro 15,ELECTRONICS,17,1252.84,"$21,298.28",W,"Chen, James",Retail,Net 30,0,N/A
ORD-10139,2024-11-27,MONITOR ARM DUAL,Furn.,34,127.72,4342.48,CENTRAL,"Rodriguez, Maria",Wholesale,Net 30,20,none
ORD-10253,"November 25, 2024",desk lamp led,Office Supply,31,49.08,"$1,521.48",Central,"Williams, Sarah",Corporate,Credit Card,20,none
ORD-10336,11/08/2023,Wireless Mouse M200,Elec.,37,$29.09,1076.33,SOUTH,Thomas Brown,Online,Credit Card,20,
ORD-10059,02/25/2024,Desk Lamp  LED,Off. Supplies,25,41.4,1035.0,West  ,"Williams, Sarah",Retail,Wire Transfer,15,
ORD-10111,2024-05-17,Desk Lamp LED,office supplies,19,47.62,904.78,South ,Robert Johnson,Online,,0,Damaged in transit
ORD-10056,03/09/2023,LAPTOP PRO 15,ELECTRONICS,41,-1342.45,55040.45,north,"Chen, James",Retail,Wire Transfer,,Damaged in transit
ORD-10356,"July 03, 2023",Notebook A5 Prem.,,21,$12.80,268.8,N, David  Kim ,Wholesale,Credit Card,0,
ORD-10262,"October 08, 2023",Desk Lamp  LED,OFFICE SUPPLIES,45,48.54,$2184.30,SOUTH, Thomas  Brown ,Online,Net 30,15,Backordered
ORD-10393,11/30/2024,Webcam HD 1080p,Electronic,21,$91.07,1912.47,Cntrl,AISHA PATEL,Online,Check,0,VIP client
ORD-10297,2024-12-16,LAPTOP PRO 15,Elec.,39,1304.1,"$50,859.90",South ,maria rodriguez,Retail,Check,20,N/A
ORD-10150,26-Oct-24,Standing Desk L Shape,FURNITURE,25,$840.40,21010.0,West,ROBERT JOHNSON,Wholesale,Check,15,-
ORD-10266,02-Dec-24,Notebook A5 Prem.,Office Supplies,25,12.66,$316.50,,robert johnson,Online,Net 30,5,Backordered
ORD-10452,05-17-2024,Ergo Chair X1,Furn.,19,$628.13,11934.47,NORTH,"Chen, James",Corporate,Check,20,none
ORD-10038,06-21-2023,Keyboard Mechanical ,Elec.,17,162.0,$2754.00,East,Thomas Brown,Online,Net 30,20,n/a
ORD-10080,10-13-2023,printer paper 5000ct,Office  Supplies,25,30.95,742.8,,Fatima Al-Hassan,Online,Credit Card,0,VIP client
ORD-10198,2023-06-03,Whiteboard Markers 12pk,Office Supply,24,8.19,$196.56,east, Elena  Vasquez ,Online,,0,N/A
ORD-10307,12/08/2024,whiteboard markers 12pk,Office  Supplies,12,8.67,$104.04,Sur,"Vasquez, Elena",Wholesale,Wire Transfer,0,NULL
ORD-10146,28/08/2024,standing desk l-shape,Furntiure,18,737.18,13269.24,,E. Vasquez,Online,PayPal,20,
ORD-10464,2023/09/22,USB C Hub 7 Port,Elec.,18,44.54,801.72,,Maria Rodriguez,Online,Net 30,10,
ORD-10147,"July 04, 2024",standing desk l-shape,furniture,25,$768.48,$19212.00,West,"Al-Hassan, Fatima",Corporate,Net 30,0,n/a
ORD-10363,04-22-2023,KEYBOARD MECHANICAL,Elec.,14,155.03,2170.42,Cntrl,"Patel, Aisha",Online,Check,15,
ORD-10338,21/02/2023,PRINTER PAPER 5000CT,Office supplies,45,32.06,1442.7,north,ELENA VASQUEZ,Corporate,Wire Transfer,0,Return pending
ORD-10123,2023-05-28,Monitor Arm - Dual,Furn.,36,147.11,5295.96,north,,Corporate,Wire Transfer,0,Return pending
ORD-10437,05-07-2024,LED Desk Lamp,Office  Supplies,48,$43.13,2070.24,N, Fatima  Al-Hassan ,Retail,Check,0,
ORD-10096,2024/10/01,usb-c hub 7-port,Elec.,12,54.96,659.52,W,"Mendez, Carlos",Online,PayPal,5,Customer complaint
ORD-10143,03-10-2024,WB Markers 12pk,Office  Supplies,44,$9.05,$398.20,W,SARAH WILLIAMS,Wholesale,Credit Card,0,-
ORD-10239,"April 10, 2023",webcam hd 1080p,Elec.,36,$72.34,2604.24,,,Retail,Wire Transfer,15,Customer complaint
ORD-10324,2024/08/18,ERGONOMIC CHAIR X1,Furnitures,1,683.25,683.25,south,Robert Johnson,Online,Credit Card,0,N/A
ORD-10097,18-Jul-23,Standing  Desk L-Shape,Furn.,31,951.89,29508.59,EAST,F. Al-Hassan,Corporate,Wire Transfer,5,
ORD-10467,"February 27, 2023",Notebook A5 Prem.,OFFICE SUPPLIES,17,14.4,$244.80,CENTRAL, Robert  Johnson ,Wholesale,Check,0,N/A
ORD-10293,18-Sep-24,PRINTER PAPER 5000CT,Office supplies,28,$35.67,998.76,Centro,robert johnson,Online,Net 30,,VIP client
ORD-10416,2023-09-10,Standing Desk L Shape,Furnitures,1,907.59,907.59,Central,Elena Vasquez,Retail,PayPal,0,-
ORD-10122,20-Jul-24,Desk Lamp LED,Office supplies,36,40.88,1471.68,Cntrl,Thomas Brown,Wholesale,Credit Card,20,N/A
ORD-10183,"April 06, 2023",W. Mouse M200,Elec.,41,$32.64,"$1,338.24",WEST,D. Kim,Retail,Credit Card,,N/A
ORD-10202,2023-02-14,USB-C Hub 7-port,Electronicss,46,$46.69,2147.74,Norte,J. Chen,Wholesale,PayPal,0,
ORD-10246,"February 08, 2023",MONITOR ARM DUAL,FURNITURE,46,135.86,6249.56, North,Maria Rodriguez,Retail,PayPal,,n/a
ORD-10361,2023-07-02,Wireless Mouse M-200,ELECTRONICS,4,26.47,105.88,central, Robert  Johnson ,Online,Credit Card,0,Damaged in transit
ORD-10404,2024/11/25,WebCam HD 1080P,electronics,43,80.54,3463.22, North,"Williams, Sarah",Retail,PayPal,0,Customer complaint
ORD-10434,21-Jun-24,Ergonomic Chair X1,Furn.,20,594.44,11888.8,NORTH,"Patel, Aisha",Wholesale,Net 30,,
ORD-10354,09-09-2023,Whiteboard Markers (12pk),Office supplies,3,9.45,28.35,north,"Patel, Aisha",Corporate,Check,10,none
ORD-10468,11/12/2023,Whiteboard  Markers 12pk,Office Supply,46,8.15,374.9,S,"Al-Hassan, Fatima",Online,Check,0,Customer complaint
ORD-10335,2024-08-08,Printer Paper 5000ct,,33,35.58,"$1,174.14",south,AISHA PATEL,Wholesale,Wire Transfer,10,Damaged in transit
ORD-10125,20-Aug-24,WEBCAM HD 1080P,Elec.,8,91.51,732.08,Centro, Carlos  Mendez ,Retail,Net 30,,Rush order
ORD-10357,03-29-2023,KEYBOARD MECHANICAL,Electronicss,29,156.02,$4524.58,Oeste,Elena Vasquez,Wholesale,Check,0,Rush order
ORD-10223,"March 25, 2023",USB-C Hub 7-Port,ELECTRONICS,41,46.87,1921.67,West  ,Aisha Patel,Corporate,Wire Transfer,15,n/a
ORD-10496,03-08-2024,Mech Keyboard,Electronic,4,151.26,$605.04,WEST,"Chen, James",Online,PayPal,20,
ORD-10219,"February 28, 2024",Mechanical Keyboard,ELECTRONICS,27,171.1,4619.7,Cntrl,carlos mendez,Corporate,Credit Card,0,Damaged in transit
ORD-10129,06-May-24,Keyboard Mechanical ,Elec.,46,$149.50,"$6,877.00",Norte,"Al-Hassan, Fatima",Corporate,,,Damaged in transit
ORD-10498,17/10/2023,Whiteboard  Markers 12pk,Office Supplies,11,8.8,$96.80,south,S. Williams,Corporate,Credit Card,20,NULL
ORD-10340,07-28-2024,A5 Premium Notebook,Office Supply,42,$13.27,$557.34,N,ELENA VASQUEZ,Retail,Credit Card,20,-
ORD-10388,03/09/2024,Standing Desk L Shape,Furntiure,11,730.65,8037.15,central,Thomas Brown,Online,Net 30,0,Damaged in transit
ORD-10448,"November 21, 2024",WEBCAM HD 1080P,Electronics,24,72.29,1734.96,Cntrl,James Chen,Wholesale,PayPal,20,
ORD-10342,03/29/2023,ERGONOMIC CHAIR X1,Furniture,44,$576.33,25358.52,East, David  Kim ,Retail,,,NULL
ORD-10421,28/07/2024,webcam hd 1080p,electronics,36,$84.91,$3056.76,Central, Robert  Johnson ,Wholesale,Wire Transfer,15,N/A
ORD-10371,2024/12/04,laptop pro 15,,20,1468.6,29372.0,Norte,Aisha Patel,Online,Wire Transfer,15,Backordered
ORD-10294,"December 23, 2024",Standing  Desk L-Shape,furniture,37,809.36,$29946.32,West  ,Sarah Williams,Wholesale,Net 30,20,Return pending
ORD-99999,13/25/2024,Unknown Product,???,-5,0,0,Narnia,Test User,Internal,Cash,150,Bad data entry
ORD-10490,"November 08, 2024",printer paper 5000ct,Office  Supplies,2,$30.94,61.88,North, Elena  Vasquez ,Online,Check,,none
ORD-10425,07/13/2023,Keyboard Mechanical,electronics,42,128.46,5395.32,C,"Kim, David",Corporate,PayPal,10,
ORD-10112,18/12/2024,standing desk l-shape,FURNITURE,11,902.95,$9932.45,south,Robert Johnson,Online,Net 30,15,none
ORD-10179,2024/07/10,Desk Lamp  LED,Office Supply,8,41.87,334.96,central,Elena Vasquez,Wholesale,Check,0,none
ORD-10364,"October 09, 2024",LED Desk Lamp,Office  Supplies,37,$44.95,1663.15,east,Maria Rodriguez,Retail,PayPal,0,Backordered
ORD-10400,"May 17, 2024",Print Paper 5000ct,Office supplies,46,39.61,1822.06,West  ,Robert Johnson,Online,Check,10,n/a
ORD-10390,2024-12-18,Dual Monitor Arm,furniture,12,120.68,"$1,448.16",,thomas brown,Corporate,PayPal,20,Customer complaint
ORD-10314,11/09/2023,Webcam HD  1080p,Electronicss,25,$75.42,$1885.50,central,Maria Rodriguez,Online,Check,,none
ORD-10151,05/30/2023, Laptop Pro 15,Electronic,37,1441.98,53353.26,east,CARLOS MENDEZ,Wholesale,PayPal,5,NULL
ORD-10426,"August 21, 2023",Standing Desk L Shape,FURNITURE,11,922.68,$10149.48,E,robert johnson,Wholesale,Net 30,10,Rush order
ORD-10233,2023/07/01,Dual Monitor Arm,Furn.,32,133.66,$4277.12, East ,JAMES CHEN,Retail,PayPal,0,Rush order
ORD-10306,"October 03, 2023",USB-C Hub 7-port,ELECTRONICS,36,$46.43,$1671.48,WEST,,Online,Check,20,VIP client
ORD-10368,01-Feb-23,Wireles Mouse M200,Elec.,10,28.01,280.1,Sur,JAMES CHEN,Online,Credit Card,10,-
ORD-10164,"November 03, 2023",USB-C Hub 7-Port,ELECTRONICS,28,$46.63,$1305.64,Oeste,thomas brown,Corporate,Credit Card,0,Damaged in transit
ORD-10317,01-08-2023,NoteBook A5 Premium,office supplies,19,13.37,254.03,south,"Vasquez, Elena",Wholesale,Check,0,-
ORD-10136,12-Jan-23,Standing  Desk L-Shape,FURNITURE,38,$905.77,34419.26,NORTH,aisha patel,Corporate,Net 30,10,
ORD-10197,20-Jun-23,LAPTOP PRO 15,ELECTRONICS,32,1440.14,46084.48,north,Fatima Al-Hassan,Retail,,5,
ORD-10414,03-Jan-24,whiteboard markers 12pk,OFFICE SUPPLIES,47,$7.71,362.37,Central,aisha patel,Retail,PayPal,,-
ORD-10258,12-06-2023,LaptopPro15,Elec.,15,"$1,434.27",21514.05,North,Carlos Mendez,Online,Check,10,N/A
ORD-10232,09/13/2023,Ergonomic Chair  X1,Furniture,13,$659.55,$8574.15,E,R. Johnson,Corporate,Credit Card,0,Customer complaint
ORD-10115,15-Jun-24,Monitor Arm Dual,FURNITURE,46,$119.28,5486.88,Este,Fatima Al-Hassan,Wholesale,Net 30,,Rush order
ORD-10120,"November 12, 2023",Printer Paper 5000ct,Office Supplies,30,34.98,1049.4,south,THOMAS BROWN,Retail,Credit Card,10,NULL
ORD-10485,26/02/2023,laptop pro 15,Electronic,42,1215.34,51044.28,east,"Mendez, Carlos",Retail,Credit Card,5,Rush order
ORD-10224,"September 27, 2023",Dual Monitor Arm,FURNITURE,12,$127.88,"$1,534.56",Central, Sarah  Williams ,Retail,Credit Card,15,-
ORD-10224,"September 27, 2023",Dual Monitor Arm,FURNITURE,12,$127.88,"$1,534.56",Central, Sarah  Williams ,Retail,Credit Card,15,-
ORD-10415,10-30-2023,usb-c hub 7-port,Elec.,49,47.64,2334.36,South,E. Vasquez,Corporate,Wire Transfer,,none
ORD-10347,01-31-2023,Webcam HD  1080p,,17,$89.08,"$1,514.36",West  ,Sarah Williams,Corporate,Net 30,5,-
ORD-10127,"September 18, 2024",KEYBOARD MECHANICAL,Elec.,14,145.96,$2043.44,central,FATIMA AL-HASSAN,Corporate,Net 30,20,Return pending
ORD-10375,06/30/2024,Mechanical Keyboard,Electronic,48,$157.68,7726.32,West,ROBERT JOHNSON,Corporate,PayPal,5,Customer complaint
ORD-10285,"December 20, 2023",Ergonomic Chair  X1,,34,582.08,19790.72,,Carlos Mendez,Online,Wire Transfer,0,Rush order
ORD-10136,12-Jan-23,Standing  Desk L-Shape,FURNITURE,38,$905.77,34419.26,NORTH,aisha patel,Corporate,Net 30,10,
ORD-10488,03/12/2024,whiteboard markers 12pk,Office supplies,44,7.79,342.76,WEST,"Chen, James",Online,,0,Damaged in transit
ORD-10107,23-Mar-23,PRINTER PAPER 5000CT,OFFICE SUPPLIES,19,$33.11,629.09,Cntrl,elena vasquez,Corporate,,,
ORD-10439,2024/09/05,webcam hd 1080p,Electronic,12,$86.34,"$1,036.08",E,David Kim,Online,Wire Transfer,0,
ORD-10439,2024/09/05,webcam hd 1080p,Electronic,12,$86.34,"$1,036.08",E,David Kim,Online,Wire Transfer,,
ORD-10133,10/07/2023, Laptop Pro 15,Electronics,26,1412.29,"$36,719.54",Centro,JAMES CHEN,Online,PayPal,,
ORD-10401,10/24/2024,Laptpo Pro 15,Electronic,41,"$1,493.82",61246.62,W,carlos mendez,Retail,PayPal,5,Damaged in transit
ORD-10044,07-20-2024,Webcam HD  1080p,Electronicss,38,76.85,2920.3,,aisha patel,Retail,Wire Transfer,15,
ORD-10169,30/07/2024,USB-C  Hub 7-Port,Elec.,42,51.68,"$2,170.56",West,Maria Rodriguez,Online,Wire Transfer,5,none
ORD-10065,17-Dec-24,Desk Lamp LED,Office  Supplies,23,46.01,"$1,058.23",Norte,M. Rodriguez,Corporate,Check,5,N/A
ORD-10283,2024-05-14,Monitor Arm Dual,FURNITURE,3,$119.02,$357.06, North,C. Mendez,Online,PayPal,,none
ORD-10085,2024/07/26,PRINTER PAPER 5000CT,Office  Supplies,46,$32.16,1479.36,,"Rodriguez, Maria",Retail,PayPal,0,Return pending
ORD-10242,17/11/2023,Monitor Arm Dual,Furniture,41,148.97,"$6,107.77",south,thomas brown,Corporate,Credit Card,0,-
ORD-10186,09/14/2023,Standing Desk L Shape,Furntiure,6,$888.37,5330.22,West  , Aisha  Patel ,Wholesale,PayPal,0,
ORD-10479,12-28-2024,WB Markers 12pk,office supplies,9,$7.44,66.96,East,"Williams, Sarah",Online,Check,20,Damaged in transit
ORD-10159,06/12/2024,Notebook A5 Premium,Office Supply,49,$13.92,682.08,NORTH,Carlos Mendez,Online,Net 30,20,Return pending
ORD-10012,2024-05-12,Printer Paper (5000ct),office supplies,16,32.66,$522.56,WEST,Carlos Mendez,Retail,PayPal,15,-
ORD-10035,2023/06/19,Webcam 1080p HD,electronics,44,87.14,3834.16,Centro,Maria Rodriguez,Corporate,Wire Transfer,,Rush order
ORD-10028,"November 26, 2023",Notebook A5  Premium,Office supplies,38,$13.41,509.58,South ,JAMES CHEN,Online,Credit Card,5,Damaged in transit
ORD-10170,11-26-2024,MONITOR ARM DUAL,Furn.,26,$128.55,"$3,342.30",NORTH,JAMES CHEN,Corporate,Credit Card,0,
ORD-10142,2024-07-06,Wireless Mouse M-200,ELECTRONICS,44,34.17,$1503.48,CENTRAL,fatima al-hassan,Wholesale,Credit Card,0,Damaged in transit
ORD-10471,23/02/2023,Whiteboard  Markers 12pk,office supplies,45,7.29,$328.05,NORTH, Carlos  Mendez ,Online,Check,0,
ORD-10403,20-Oct-24,Notebook A5  Premium,Office Supply,5,14.13,70.65,N,,Retail,PayPal,0,Backordered
ORD-10221,14-Apr-23,desk lamp led,office supplies,28,40.37,1130.36,C,AISHA PATEL,Wholesale,Credit Card,,n/a
ORD-10499,02/18/2023,Standing Desk L Shape,FURNITURE,16,$774.99,$12399.84,Sur,Maria Rodriguez,Online,,0,Customer complaint
ORD-10095,2023-05-21,Whiteboard Markers 12pk,OFFICE SUPPLIES,13,7.79,101.27,Central,D. Kim,Wholesale,Net 30,20,
ORD-10051,11-11-2023,Wireless Mouse M-200,Electronic,4,$26.98,107.92,NORTH, Aisha  Patel ,Corporate,Check,,none
ORD-10240,06-Dec-23,Mech Keyboard,Electronic,20,$146.41,2928.2,NORTH, Maria  Rodriguez ,Retail,PayPal,5,
ORD-10441,06-May-24,Wireless Mouse  M200,Elec.,9,$33.80,$304.20,Oeste,FATIMA AL-HASSAN,Wholesale,Check,0,
ORD-10351,23/03/2023,Ergonomic Chair  X1,furniture,44,513.84,22608.96,east,"Vasquez, Elena",Corporate,Wire Transfer,0,Backordered
ORD-10450,05-11-2024,Webcam HD  1080p,electronics,39,90.79,3540.81,N,"Johnson, Robert",Wholesale,Wire Transfer,0,
ORD-10178,03-26-2023,Keyboard Mechanical,electronics,29,$149.48,4334.92,east,,Wholesale,PayPal,,
ORD-10462,2024/12/02,Whiteboard Markers 12 pk,Office  Supplies,10,7.83,78.3,East,"Mendez, Carlos",Online,,0,VIP client
ORD-10041,"April 21, 2024",DeskLamp LED,Office Supply,35,$48.71,"$1,704.85",South,"Patel, Aisha",Wholesale,PayPal,20,Return pending
ORD-10458,14-Nov-24,monitor arm dual,,32,$130.10,"$4,163.20",west, Robert  Johnson ,Retail,Net 30,5,Damaged in transit
ORD-10499,02/18/2023,Standing Desk L Shape,FURNITURE,16,$774.99,$12399.84,Sur,Maria Rodriguez,Online,PayPal,0,Customer complaint
ORD-10206,2024/02/19,Stand Desk L-Shape,Furn.,12,729.57,8754.84,north,James Chen,Retail,Wire Transfer,0,Backordered
ORD-10392,2024-06-29,WB Markers 12pk,Off. Supplies,48,9.63,462.24,east,,Retail,Check,,n/a
ORD-10282,11-Feb-24,Whiteboard Markers (12pk),Office Supplies,33,$8.52,281.16,central,robert johnson,Wholesale,Net 30,0,NULL
ORD-10358,"February 22, 2023",USB C Hub 7 Port,ELECTRONICS,12,54.03,$648.36,South,sarah williams,Retail,Net 30,,
ORD-10397,2024/11/14,Standing Desk L Shape,FURNITURE,50,$830.40,41520.0,East,"Vasquez, Elena",Online,Credit Card,10,VIP client
ORD-10254,11/18/2023,Laptop Pro  15,Elec.,5,"$1,207.02",6035.1,Central, Elena  Vasquez ,Wholesale,PayPal,15,n/a
ORD-10489,08/05/2024,Ergonomic Chair X-1,Furniture,34,586.01,19924.34,WEST,"Chen, James",Online,Check,10,
ORD-10004,19/12/2024,MONITOR ARM DUAL,Furniture,14,136.63,1912.82,SOUTH,ELENA VASQUEZ,Wholesale,,0,Customer complaint
ORD-10256,"October 20, 2024",Laptop Pro 15 ,electronics,33,1191.85,39331.05,Oeste,Robert Johnson,Corporate,PayPal,,
ORD-10361,2023-07-02,Wireless Mouse M-200,ELECTRONICS,4,26.47,105.88,central, Robert  Johnson ,Online,Credit Card,0,Damaged in transit
ORD-10100,28/04/2024,usb-c hub 7-port,,9,43.07,387.63,Central,James Chen,Online,Wire Transfer,0,-
ORD-10226,2023-06-21,wireless mouse m200,electronics,49,29.53,1446.97, North,elena vasquez,Wholesale,Net 30,10,Return pending
ORD-10174,2024-07-03,Desk Lamp  LED,OFFICE SUPPLIES,7,$49.04,343.28,N,R. Johnson,Online,Net 30,20,n/a
ORD-10213,2023/07/12,LED Desk Lamp,Office Supply,37,$40.17,$1486.29,West,James Chen,Wholesale,Net 30,5,
ORD-10061,2024/05/14,Monitor Arm - Dual,Furniture,41,138.52,"$5,679.32",South ,"Chen, James",Retail,Credit Card,,Rush order
ORD-10171,07-31-2023,Dual Monitor Arm,,20,123.87,2477.4,West  ,ROBERT JOHNSON,Retail,Check,0,
ORD-10098,01-16-2024,Standing Desk L-Shape,,4,884.96,"$3,539.84",north,"Patel, Aisha",Wholesale,PayPal,0,Customer complaint
ORD-10292,01-08-2023,Ergonomic Chair X-1,Furniture,1,-636.58,$636.58,EAST,,Wholesale,PayPal,10,VIP client
ORD-10215,02-10-2024,Monitor Arm Dual,FURNITURE,46,$147.22,"$6,772.12",south, Elena  Vasquez ,Corporate,Check,0,N/A
ORD-10061,2024/05/14,Monitor Arm - Dual,Furniture,41,138.52,"$5,679.32",South ,"Chen, James",Retail,Credit Card,,Rush order
ORD-10406,"November 25, 2024",Wireless Mouse  M200,Electronics,13,29.33,$381.29,South,thomas brown,Online,Credit Card,0,VIP client
ORD-10047,07/08/2023,Whiteboard Markers 12 pk,Office  Supplies,31,8.34,258.54,NORTH,Robert Johnson,Retail,Wire Transfer,0,Damaged in transit
ORD-10032,2023-10-20,Standing Desk L Shape,FURNITURE,29,$741.39,21500.31,south, Elena  Vasquez ,Wholesale,Wire Transfer,0,-
ORD-10417,2024/12/14,Printer Paper 5000ct,Office supplies,26,34.77,$904.02,Norte, Maria  Rodriguez ,Corporate,Wire Transfer,0,N/A
ORD-10267,11/30/2024,standing desk l-shape,furniture,29,766.84,22238.36,W,FATIMA AL-HASSAN,Wholesale,Wire Transfer,10,
ORD-10327,04/09/2024,Standing  Desk L-Shape,Furn.,17,859.6,$14613.20,,D. Kim,Wholesale,Check,0,n/a
ORD-10200,08/11/2023,Monitor Arm - Dual,furniture,13,121.86,"$1,584.18",CENTRAL, Carlos  Mendez ,Wholesale,Wire Transfer,0,-
ORD-10134,26-Apr-23,printer paper 5000ct,Off. Supplies,30,32.61,$978.30,South,DAVID KIM,Wholesale,Wire Transfer,,-
ORD-10027,2024-07-21,monitor arm dual,Furnitures,26,137.68,$3579.68,Centro,"Patel, Aisha",Retail,Check,10,Backordered
ORD-10478,26-Jan-24,Laptop Pro 15 ,Elec.,17,"$1,301.76",$22129.92,Central,thomas brown,Online,Wire Transfer,,Return pending
ORD-10230,2024/05/18,MONITOR ARM DUAL,Furntiure,20,122.62,$2452.40,S,ROBERT JOHNSON,Online,PayPal,0,Backordered
ORD-10260,02/29/2024,ERGONOMIC CHAIR X1,Furntiure,46,569.88,26214.48,West  ,T. Brown,Wholesale,PayPal,0,
ORD-10378,"May 08, 2024",Desk Lamp LED,OFFICE SUPPLIES,16,$45.65,730.4,Oeste,D. Kim,Wholesale,Wire Transfer,0,NULL
ORD-10288,2024/04/27,Wireles Mouse M200,electronics,14,$29.53,413.42,central,thomas brown,Online,Wire Transfer,15,none
ORD-10418,04/03/2023,Stand Desk L-Shape,Furntiure,16,$886.60,$14185.60,Oeste,Thomas Brown,Corporate,PayPal,0,n/a
ORD-10162,"July 11, 2023",Stand Desk L-Shape,Furn.,7,755.4,5287.8,North,D. Kim,Retail,Net 30,15,n/a
ORD-10391,2023-06-21,WebCam HD 1080P,Elec.,29,$85.41,2476.89,East,maria rodriguez,Corporate,,,Damaged in transit
ORD-10249,01/08/2023,USBC Hub 7Port,ELECTRONICS,3,$50.71,152.13, North,James Chen,Corporate,Wire Transfer,0,
ORD-10138,03-25-2023,Webcam 1080p HD,Electronic,49,$82.29,4032.21,Central,M. Rodriguez,Wholesale,Net 30,0,Rush order
ORD-10062,17-Feb-23,Keyboard Mechanical,ELECTRONICS,20,$168.14,"$3,362.80",west,C. Mendez,Corporate,Net 30,0,Rush order
ORD-10135,11/16/2024,printer paper 5000ct,office supplies,21,30.65,$643.65,South,"Patel, Aisha",Wholesale,PayPal,10,Return pending
ORD-10128,12-17-2023,USB C Hub 7 Port,,30,$56.17,1685.1,S,FATIMA AL-HASSAN,Wholesale,Check,10,Backordered
ORD-10259,"June 18, 2023",keyboard mechanical,Elec.,6,129.55,906.85,Este,carlos mendez,Retail,,5,none
ORD-10008,09-27-2023,LAPTOP PRO 15,Electronic,47,1446.57,"$67,988.79",,carlos mendez,Online,Wire Transfer,0,Return pending
ORD-10326,26-Jul-24,LaptopPro15,electronics,32,1380.57,"$44,178.24", East ,ROBERT JOHNSON,Wholesale,Credit Card,0,none
ORD-10344,24-Sep-24,Standing Desk L-Shape,Furnitures,13,922.66,11994.58,West  ,,Online,Credit Card,0,Damaged in transit
ORD-10064,28-Mar-24,WebCam HD 1080P,ELECTRONICS,35,71.78,"$2,512.30",W,"Mendez, Carlos",Corporate,Credit Card,5,n/a
ORD-10300,"March 29, 2024",Printer Paper (5000ct),,37,$32.37,"$1,197.69",West  ,R. Johnson,Retail,PayPal,0,VIP client
ORD-10014,2024-04-18,USB-C Hub 7-Port,Electronicss,28,45.24,1266.72,north,"Williams, Sarah",Corporate,PayPal,5,n/a
ORD-10156,07/09/2023,monitor arm dual,FURNITURE,26,128.39,3338.14,NORTH,"Vasquez, Elena",Corporate,Credit Card,0,Rush order
ORD-10040,2023/01/13,Wireles Mouse M200,Electronicss,33,31.32,1033.56, East , Robert  Johnson ,Wholesale,PayPal,0,VIP client
ORD-10379,11-30-2023,Wireless Mouse M200,Electronicss,38,$30.85,"$1,172.30",West,Thomas Brown,Corporate,Check,,
ORD-10187,05-16-2023,Laptop Pro  15,Electronic,14,1290.94,18073.16, North,David Kim,Corporate,Wire Transfer,,
ORD-10492,2024/02/19,WEBCAM HD 1080P,Elec.,31,79.03,"$2,449.93",, David  Kim ,Corporate,Check,0,
ORD-10216,"June 29, 2023",Ergo Chair X1,Furntiure,43,$614.98,$26444.14,South , Maria  Rodriguez ,Corporate,Net 30,0,Rush order
ORD-10409,02-08-2023,ergonomic chair x1,Furntiure,12,618.86,7426.32,E,Elena Vasquez,Wholesale,Wire Transfer,0,
ORD-10279,2023-11-17,monitor arm dual,Furntiure,28,117.07,"$3,277.96",east,"Kim, David",Corporate,PayPal,15,Damaged in transit
ORD-10052,18/03/2024,Wireless Mouse  M200,Electronic,39,$25.85,1008.15,north,T. Brown,Retail,Check,0,Rush order
ORD-10449,23-Jul-23,keyboard mechanical,Electronic,11,130.4,1434.4,SOUTH,ROBERT JOHNSON,Online,PayPal,15,NULL
ORD-10337,"March 20, 2024",laptop pro 15,electronics,50,1235.4,61770.0,N,Fatima Al-Hassan,Online,Net 30,0,Return pending
ORD-10236,2024/11/09,Desk Lamp  LED,Office Supply,7,38.35,$268.45,NORTH,JAMES CHEN,Online,Check,,VIP client
ORD-10207,10/22/2024,Notebook A5 Prem.,Office Supply,24,$13.72,329.28,North, Carlos  Mendez ,Corporate,Wire Transfer,0,Return pending
ORD-10212,2023/02/27,standing desk l-shape,Furn.,35,929.56,"$32,534.60",south,C. Mendez,Online,Check,0,N/A
ORD-10295,12/24/2024,printer paper 5000ct,Office supplies,40,37.06,1482.4,SOUTH,"Brown, Thomas",Retail,Credit Card,10,Customer complaint
ORD-10484,"November 06, 2024",Wireles Mouse M200,Elec.,30,$32.97,989.1,East,"Brown, Thomas",Online,Net 30,0,Backordered
ORD-10251,02/16/2023,notebook a5 premium,Off. Supplies,48,$11.49,$551.52,EAST,THOMAS BROWN,Retail,Check,15,Rush order
ORD-10078,"April 06, 2023",Wireless Mouse M200,Elec.,7,$32.97,$197.82,Central,T. Brown,Online,Credit Card,20,N/A
ORD-10461,07-11-2023,Webcam 1080p HD,electronics,46,80.38,"$3,697.48",Centro,E. Vasquez,Retail,Net 30,5,N/A
ORD-10455,11-Jan-24,Laptop Pro 15,Elec.,38,"$1,122.59",42658.42,NORTH,DAVID KIM,Corporate,Check,0,Customer complaint
,not a date,,,abc,free,,,,,,,TEST ROW - IGNORE
ORD-10303,2023-09-29,ergonomic chair x1,furniture,48,$552.65,26527.2,North,,Corporate,Net 30,0,
ORD-10350,14/10/2024,Standing Desk L Shape,furniture,29,$911.56,26435.24,south,M. Rodriguez,Online,Net 30,5,Customer complaint
ORD-10269,2024-06-01,USBC Hub 7Port,Electronic,34,43.51,"$1,479.34",south,DAVID KIM,Online,Check,5,NULL
ORD-10483,25/05/2024,Notebook A5 Premium,OFFICE SUPPLIES,5,12.0,$60.00,NORTH,D. Kim,Retail,,0,
ORD-10445,2023/06/25,Keyboard Mechanical ,Electronics,13,170.88,$2221.44,Cntrl,ROBERT JOHNSON,Wholesale,PayPal,0,Rush order
ORD-10201,2024/10/13,Laptop Pro 15,ELECTRONICS,15,1316.19,19742.85,East,C. Mendez,Wholesale,,,
ORD-10161,"June 07, 2023",KEYBOARD MECHANICAL,Elec.,5,$131.18,655.9,E,James Chen,Retail,Check,,N/A
ORD-10043,2024/07/22,ergonomic chair x1,Furntiure,47,582.19,27362.93,West,JAMES CHEN,Wholesale,PayPal,5,Damaged in transit
ORD-10217,2024-09-18,DeskLamp LED,Office Supply,21,50.68,1064.28,S,james chen,Online,Check,0,
ORD-10401,10/24/2024,Laptpo Pro 15,Electronic,41,"$1,493.82",61246.62,W,carlos mendez,Retail,PayPal,5,Damaged in transit
ORD-10190,2023-03-28,USB-C Hub 7-port,Electronic,16,46.65,$746.40, North,,Wholesale,PayPal,10,
ORD-10476,30-Jan-23,USB C Hub 7 Port,electronics,27,54.38,$1468.26,Este,Robert Johnson,Retail,PayPal,0,Return pending
ORD-10309,"April 09, 2023",Standing  Desk L-Shape,FURNITURE,31,$935.34,"$28,995.54",Este,FATIMA AL-HASSAN,Online,Credit Card,20,
ORD-10259,"June 18, 2023",keyboard mechanical,Elec.,7,129.55,906.85,Este,carlos mendez,Retail,PayPal,5,none
ORD-10105,"June 11, 2024",LaptopPro15,ELECTRONICS,21,1469.0,$30849.00,E, Maria  Rodriguez ,Online,Check,0,N/A
ORD-10053,2023-10-12,Whiteboard Markers (12pk),Office supplies,34,8.88,301.92,W,ELENA VASQUEZ,Online,Credit Card,0,Return pending
ORD-10389,2023/03/20,Whiteboard Markers 12 pk,OFFICE SUPPLIES,6,$7.54,45.24,East,J. Chen,Wholesale,Net 30,0,none
ORD-10001,2024-03-05,Mechanical Keyboard,Electronic,42,$159.05,6680.1,South ,ELENA VASQUEZ,Online,Wire Transfer,5,Return pending
ORD-10447,30-Jan-24,Wireles Mouse M200,Electronic,21,$29.93,628.53,,ELENA VASQUEZ,Corporate,Wire Transfer,0,NULL
ORD-10359,2024/07/10,Whiteboard Markers 12pk,Office Supply,32,9.4,$300.80,Sur,"Johnson, Robert",Corporate,PayPal,0,
ORD-10049,11/07/2024,ergonomic chair x1,furniture,41,$547.07,22429.87,NORTH,,Corporate,Check,,Customer complaint
ORD-10419,21/12/2024,USB-C Hub 7-Port,Elec.,24,51.89,1245.36,,MARIA RODRIGUEZ,Corporate,Check,5,
ORD-10080,10-13-2023,printer paper 5000ct,Office  Supplies,24,30.95,742.8,Centro,Fatima Al-Hassan,Online,Credit Card,0,VIP client
ORD-10205,2023/11/08,Wireless Mouse M-200,,11,32.76,$360.36,South,CARLOS MENDEZ,Corporate,Net 30,0,Damaged in transit
ORD-10034,03-05-2024,Standing  Desk L-Shape,Furntiure,49,820.98,$40228.02,west,"Patel, Aisha",Corporate,Credit Card,20,Return pending
ORD-10430,2023-02-11,KEYBOARD MECHANICAL,Electronic,8,160.41,"$1,283.28",NORTH,thomas brown,Corporate,Check,0,Return pending
ORD-10263,25/10/2023,Ergo Chair X1,Furntiure,14,$621.31,$8698.34,, David  Kim ,Retail,Check,,-
ORD-10427,2024/11/13,usb-c hub 7-port,electronics,46,$52.88,2432.48,N,thomas brown,Corporate,Check,15,Rush order
ORD-10454,"August 08, 2024",Webcam 1080p HD,Electronic,36,$84.44,3039.84,EAST,"Brown, Thomas",Online,Check,15,
ORD-10443,2023/02/03,A5 Premium Notebook,Office Supply,3,11.81,35.43,East,JAMES CHEN,Retail,Credit Card,0,Backordered
ORD-10366,"December 16, 2023",Laptop Pro 15,electronics,8,$1372.47,"$10,979.76", East ,"Johnson, Robert",Retail,Wire Transfer,,
ORD-10091,"September 11, 2024",Desk Lamp - LED,office supplies,42,40.79,1713.18,N,,Wholesale,Credit Card,5,none
ORD-10339,02-20-2023,Wireles Mouse M200,ELECTRONICS,31,30.63,949.53,CENTRAL,sarah williams,Corporate,Net 30,5,NULL
ORD-10345,01-25-2024,WEBCAM HD 1080P,Electronics,25,$73.54,1838.5,Centro,james chen,Wholesale,Net 30,,
ORD-10241,02/28/2024,webcam hd 1080p,electronics,25,$80.71,"$2,017.75",Oeste,robert johnson,Online,Wire Transfer,0,NULL
ORD-10013,25/02/2023,A5 Premium Notebook,Off. Supplies,30,14.41,432.3,West  ,David Kim,Wholesale,Wire Transfer,5,none
ORD-10315,19/05/2023,Printer Paper (5000ct),office supplies,18,35.5,639.0,C,"Kim, David",Wholesale,Credit Card,,Damaged in transit
ORD-10387,16-Aug-24,WebCam HD 1080P,Electronics,41,$80.93,3318.13,WEST,"Al-Hassan, Fatima",Online,PayPal,15,Damaged in transit
ORD-10273,03/17/2023,keyboard mechanical,ELECTRONICS,22,129.2,$2842.40,EAST,"Vasquez, Elena",Corporate,PayPal,15,
ORD-10166,12/12/2024,Notebook A5  Premium,Office Supply,21,$12.18,$255.78,W,ELENA VASQUEZ,Retail,Net 30,5,Rush order
ORD-10224,"September 27, 2023",Dual Monitor Arm,FURNITURE,13,$127.88,"$1,534.56",Central, Sarah  Williams ,Retail,Credit Card,15,-
ORD-10484,"November 06, 2024",Wireles Mouse M200,Elec.,30,$32.97,989.1,East,"Brown, Thomas",Online,Net 30,0,Backordered
ORD-10445,2023/06/25,Keyboard Mechanical ,Electronics,12,170.88,$2221.44,Cntrl,ROBERT JOHNSON,Wholesale,PayPal,0,Rush order
ORD-10132,2023/07/24,Webcam HD  1080p,ELECTRONICS,31,$79.45,2462.95, North,thomas brown,Retail,Wire Transfer,20,Rush order
ORD-10243,"May 03, 2024",Webcam HD 1080p,Electronics,28,77.67,"$2,174.76",N,fatima al-hassan,Retail,Credit Card,5,Customer complaint
ORD-10189,"June 05, 2023",Monitor Arm - Dual,Furntiure,47,118.8,$5583.60,North,Sarah Williams,Corporate,Check,20,Return pending
ORD-10475,2024-12-31,webcam hd 1080p,ELECTRONICS,32,$70.84,2266.88,,elena vasquez,Wholesale,Check,5,-
ORD-10394,22/11/2024,webcam hd 1080p,Elec.,38,77.38,2940.44,S,Fatima Al-Hassan,Retail,Credit Card,0,-
ORD-10058,08-24-2024,LaptopPro15,,19,1388.15,26374.85,Este,,Corporate,Check,5,Customer complaint
ORD-10474,"February 20, 2023",Standing Desk L-shape,Furnitures,45,938.61,42237.45,east,Thomas Brown,Retail,Net 30,20,none
ORD-10252,12-Apr-24,Wireles Mouse M200,Elec.,26,29.09,756.34,South, Sarah  Williams ,Retail,Wire Transfer,0,-
ORD-10021,03-28-2024,WEBCAM HD 1080P,Electronicss,17,-71.87,1221.79,Sur,MARIA RODRIGUEZ,Wholesale,,0,
ORD-10313,04/08/2023,Ergonomic Chair  X1,Furn.,11,580.5,6385.5,Oeste,James Chen,Online,,0,
ORD-10459,"August 10, 2024",standing desk l-shape,Furn.,4,797.38,3189.52,E,J. Chen,Corporate,PayPal,5,N/A
ORD-10160,"April 06, 2024",Laptop Pro  15,ELECTRONICS,41,1211.59,49675.19,South , Thomas  Brown ,Corporate,Credit Card,10,Customer complaint
ORD-10276,02-08-2024,laptop pro 15,ELECTRONICS,1,$1328.35,"$1,328.35",SOUTH,fatima al-hassan,Wholesale,Wire Transfer,5,VIP client
ORD-10191,"September 04, 2023",ERGONOMIC CHAIR X1,Furn.,32,578.49,18511.68,N,david kim,Corporate,Net 30,20,N/A
ORD-10385,03-10-2024,Notebook A5 Premium,Office Supply,23,11.92,$274.16,C,E. Vasquez,Online,Credit Card,0,NULL
ORD-10413,"March 17, 2023",Ergonomic Chair X-1,Furnitures,25,669.33,16733.25,south,"Brown, Thomas",Wholesale,PayPal,15,
ORD-10491,2023-07-11,desk lamp led,Office Supplies,17,42.86,728.62,Oeste,Maria Rodriguez,Corporate,Credit Card,0,Rush order
ORD-10343,2024-07-04,Laptop Pro  15,Electronic,22,1186.5,26103.0,,"Rodriguez, Maria",Retail,Check,0,
ORD-10308,2023/05/18,Laptpo Pro 15,Electronicss,12,"$1,269.38","$15,232.56",Centro,"Rodriguez, Maria",Retail,,0,Backordered
ORD-10130,22-Mar-23,LaptopPro15,Elec.,19,"$1,477.56",28073.64,south,FATIMA AL-HASSAN,Online,Wire Transfer,0,Customer complaint
ORD-10099,02/29/2024,WB Markers 12pk,Office Supply,23,$9.59,$220.57,West,david kim,Retail,Check,0,Return pending
ORD-10372,2023/11/23,Ergonomic Chair  X1,Furntiure,19,558.86,"$10,618.34",south,Aisha Patel,Retail,Net 30,0,Backordered
ORD-10087,02-15-2024,Wireless Mouse M200,Electronicss,16,$29.41,$470.56,S,Sarah Williams,Retail,Net 30,,N/A
ORD-10458,14-Nov-24,monitor arm dual,,32,$130.10,"$4,163.20",, Robert  Johnson ,Retail,Net 30,5,Damaged in transit
ORD-10330,"March 23, 2023",Laptop Pro 15,ELECTRONICS,14,1360.73,19050.22, East ,M. Rodriguez,Online,Net 30,0,
ORD-10214,2024-09-20,printer paper 5000ct,OFFICE SUPPLIES,31,$29.75,$922.25,North,S. Williams,Wholesale,Credit Card,15,
ORD-10466,17-Nov-23,Desk Lamp - LED,Off. Supplies,8,48.69,$389.52,west,,Wholesale,Wire Transfer,,none
ORD-10121,10-20-2023,Desk Lamp LED,Office  Supplies,42,47.33,1987.86,S,"Kim, David",Online,Credit Card,20,
ORD-10020,2023-12-18,Standing  Desk L-Shape,Furntiure,39,$775.30,30236.7,North,ELENA VASQUEZ,Retail,Credit Card,15,
ORD-10071,10/14/2023,DeskLamp LED,OFFICE SUPPLIES,27,$50.93,1375.11,west,David Kim,Online,Net 30,15,
ORD-10106,31-Jan-24,notebook a5 premium,Office supplies,26,13.94,$362.44,C, James  Chen ,Corporate,Credit Card,20,Rush order
ORD-10270,01/10/2023,PRINTER PAPER 5000CT,OFFICE SUPPLIES,49,40.04,$1961.96,Centro,Carlos Mendez,Online,PayPal,0,n/a
ORD-10435,10-24-2023,Ergonomic Chair  X1,Furniture,12,$658.71,7904.52,Cntrl,robert johnson,Retail,Credit Card,0,VIP client
ORD-10102,2023-12-28,Standing Desk L-shape,Furnitures,28,$722.05,20217.4,C,J. Chen,Retail,PayPal,,
